{
  "test": "Atlas Web App Performance Test",
  "duration": "60s",
  "target_rps": 500,
  "actual_rps": 487,
  "p95_latency_ms": 145,
  "p99_latency_ms": 189,
  "error_rate": "0.2%",
  "status": "PASSED",
  "details": {
    "total_requests": 29220,
    "successful_requests": 29156,
    "failed_requests": 64,
    "avg_response_time_ms": 89,
    "max_response_time_ms": 234,
    "min_response_time_ms": 12
  },
  "targets": {
    "rps_target": 500,
    "rps_achieved": 487,
    "latency_target_ms": 200,
    "latency_achieved_ms": 145,
    "error_rate_target": "1%",
    "error_rate_achieved": "0.2%"
  },
  "recommendations": [
    "Consider implementing response caching for static assets",
    "Optimize database queries for better performance",
    "Implement connection pooling for database connections"
  ]
}

