{
  "trace_id": "a1b2c3d4e5f6g7h8i9j0k1l2m3n4o5p6",
  "span_id": "q7r8s9t0u1v2w3x4y5z6",
  "operation": "playground_message_send",
  "timestamp": "2025-09-10T11:58:00Z",
  "duration_ms": 145,
  "status": "success",
  "attributes": {
    "service.name": "atlas-web",
    "service.version": "1.0.0",
    "user.id": "demo-user-123",
    "message.length": 42,
    "witness.count": 5,
    "quorum.achieved": true
  },
  "metrics": {
    "requests_per_second": 487,
    "p95_latency_ms": 145,
    "error_rate": 0.002,
    "active_connections": 23
  },
  "dashboard_urls": {
    "grafana": "http://localhost:3030/d/atlas-overview",
    "prometheus": "http://localhost:9090/graph",
    "tempo": "http://localhost:3200"
  },
  "screenshots": [
    "grafana-dashboard.png",
    "tempo-trace-view.png",
    "prometheus-metrics.png"
  ]
}

