{
  "brand": {
    "name": "Atlas",
    "tagline": "Zero-crypto messaging and storage platform",
    "logo": {
      "primary": "#2563eb",
      "secondary": "#1e40af"
    }
  },
  "colors": {
    "primary": {
      "50": "#eff6ff",
      "100": "#dbeafe", 
      "200": "#bfdbfe",
      "300": "#93c5fd",
      "400": "#60a5fa",
      "500": "#3b82f6",
      "600": "#2563eb",
      "700": "#1d4ed8",
      "800": "#1e40af",
      "900": "#1e3a8a",
      "950": "#172554"
    },
    "neutral": {
      "50": "#f8fafc",
      "100": "#f1f5f9",
      "200": "#e2e8f0",
      "300": "#cbd5e1",
      "400": "#94a3b8",
      "500": "#64748b",
      "600": "#475569",
      "700": "#334155",
      "800": "#1e293b",
      "900": "#0f172a",
      "950": "#020617"
    },
    "semantic": {
      "success": "#10b981",
      "warning": "#f59e0b",
      "error": "#ef4444",
      "info": "#3b82f6"
    }
  },
  "typography": {
    "fontFamily": {
      "sans": ["Inter", "system-ui", "sans-serif"],
      "mono": ["JetBrains Mono", "Consolas", "monospace"]
    },
    "fontSize": {
      "xs": "0.75rem",
      "sm": "0.875rem",
      "base": "1rem",
      "lg": "1.125rem",
      "xl": "1.25rem",
      "2xl": "1.5rem",
      "3xl": "1.875rem",
      "4xl": "2.25rem",
      "5xl": "3rem"
    },
    "fontWeight": {
      "normal": "400",
      "medium": "500",
      "semibold": "600",
      "bold": "700"
    },
    "lineHeight": {
      "tight": "1.25",
      "normal": "1.5",
      "relaxed": "1.75"
    }
  },
  "spacing": {
    "0": "0",
    "1": "0.25rem",
    "2": "0.5rem",
    "3": "0.75rem",
    "4": "1rem",
    "5": "1.25rem",
    "6": "1.5rem",
    "8": "2rem",
    "10": "2.5rem",
    "12": "3rem",
    "16": "4rem",
    "20": "5rem",
    "24": "6rem",
    "32": "8rem"
  },
  "borderRadius": {
    "none": "0",
    "sm": "0.125rem",
    "base": "0.25rem",
    "md": "0.375rem",
    "lg": "0.5rem",
    "xl": "0.75rem",
    "2xl": "1rem",
    "full": "9999px"
  },
  "shadows": {
    "sm": "0 1px 2px 0 rgb(0 0 0 / 0.05)",
    "base": "0 1px 3px 0 rgb(0 0 0 / 0.1), 0 1px 2px -1px rgb(0 0 0 / 0.1)",
    "md": "0 4px 6px -1px rgb(0 0 0 / 0.1), 0 2px 4px -2px rgb(0 0 0 / 0.1)",
    "lg": "0 10px 15px -3px rgb(0 0 0 / 0.1), 0 4px 6px -4px rgb(0 0 0 / 0.1)",
    "xl": "0 20px 25px -5px rgb(0 0 0 / 0.1), 0 8px 10px -6px rgb(0 0 0 / 0.1)"
  },
  "motion": {
    "duration": {
      "fast": "150ms",
      "normal": "300ms",
      "slow": "500ms"
    },
    "easing": {
      "ease": "cubic-bezier(0.4, 0, 0.2, 1)",
      "easeIn": "cubic-bezier(0.4, 0, 1, 1)",
      "easeOut": "cubic-bezier(0, 0, 0.2, 1)",
      "easeInOut": "cubic-bezier(0.4, 0, 0.2, 1)"
    }
  },
  "breakpoints": {
    "sm": "640px",
    "md": "768px",
    "lg": "1024px",
    "xl": "1280px",
    "2xl": "1536px"
  },
  "zIndex": {
    "dropdown": "1000",
    "sticky": "1020",
    "fixed": "1030",
    "modal": "1040",
    "popover": "1050",
    "tooltip": "1060"
  }
}
