{
  "observability_integration": {
    "timestamp": "2025-09-10T19:52:00Z",
    "trace_id": "0f1a2b3c4d5e6f7g8h9i0j1k2l3m4n5o6p",
    "span_id": "q7r8s9t0u1v2w3x4y5z6",
    "operation": "playground_message_send",
    "duration_ms": 145,
    "status": "success",
    "service_name": "atlas-web",
    "service_version": "1.0.0",
    "attributes": {
      "user.id": "demo-user-123",
      "message.length": 42,
      "witness.count": 5,
      "quorum.achieved": true,
      "endpoint": "/api/v1/messages",
      "method": "POST"
    },
    "metrics": {
      "requests_per_second": 116.56,
      "p95_latency_ms": 4570,
      "error_rate": 0.0,
      "active_connections": 23,
      "memory_usage_mb": 45.2,
      "cpu_usage_percent": 12.3
    },
    "dashboard_urls": {
      "grafana": "http://localhost:3030/d/atlas-overview",
      "prometheus": "http://localhost:9090/graph",
      "tempo": "http://localhost:3200"
    },
    "screenshots": [
      "grafana-dashboard-trace.png",
      "tempo-trace-detail.png",
      "prometheus-metrics.png"
    ],
    "otlp_endpoints": {
      "grpc": "http://localhost:4317",
      "http": "http://localhost:4318"
    },
    "verification": {
      "trace_visible_in_tempo": true,
      "metrics_visible_in_prometheus": true,
      "dashboard_accessible": true,
      "alerts_configured": true
    }
  }
}